1-1,86699336,./data/86699336_p0.jpg
1-2,86699336,./data/86699336_p0_dup.jpg
1-3,86742413,./data/86742413_p0.jpg
1-4,86774115,./data/86774115_p0.jpg
1-5,86800864,./data/86800864_p0.jpg
1-6,86862547,./data/86862547_p0.jpg
1-7,86862547,./data/86862547_p0_dup.jpg
1-8,86887422,./data/86887422_p0.png
1-9,86900624,./data/86900624_p0.jpg
1-10,86914190,./data/86914190_p0.png
1-11,86953343,./data/86953343_p0.jpg
1-12,86993106,./data/86993106_p0.png
1-13,86993106,./data/86993106_p0_dup.png
1-14,87013579,./data/87013579_p0.png
1-15,87033409,./data/87033409_p0.png
1-16,87055335,./data/87055335_p0.png
1-17,87073757,./data/87073757_p0.png
1-18,87099069,./data/87099069_p0.png
1-19,87127271,./data/87127271_p0.jpg
1-20,87148917,./data/87148917_p0.png
1-21,87172486,./data/87172486_p0.jpg
1-22,87188253,./data/87188253_p0.png
1-23,87215848,./data/87215848_p0.png
1-24,87229476,./data/87229476_p0.jpg
1-25,87256886,./data/87256886_p0.jpg
1-26,87305901,./data/87305901_p0.png
1-27,87305901,./data/87305901_p0_dup.png
1-28,87326553,./data/87326553_p0.jpg
1-29,87369175,./data/87369175_p0.png
1-30,87369175,./data/87369175_p0_dup.png
1-31,87405683,./data/87405683_p0.jpg
2-1,87418297,./data/87418297_p0.jpg
2-2,87446888,./data/87446888_p0.png
2-3,87469406,./data/87469406_p0.png
2-4,87492453,./data/87492453_p0.png
2-5,87526557,./data/87526557_p0.jpg
2-6,87535782,./data/87535782_p0.png
2-7,87557970,./data/87557970_p0.png
2-8,87603695,./data/87603695_p0.jpg
2-9,87616095,./data/87616095_p0.png
2-10,87632329,./data/87632329_p0.png
2-11,87673554,./data/87673554_p0.png
2-12,87673554,./data/87673554_p0_dup.png
2-13,87711425,./data/87711425_p0.jpg
2-14,87766142,./data/87766142_p0.png
2-15,87766142,./data/87766142_p0_dup.png
2-16,87791136,./data/87791136_p0.png
2-17,87811321,./data/87811321_p0.jpg
2-18,87833881,./data/87833881_p0.png
2-19,87861795,./data/87861795_p0.png
2-20,87883837,./data/87883837_p0.jpg
2-21,87898731,./data/87898731_p0.png
2-22,87924184,./data/87924184_p0.png
2-23,87967047,./data/87967047_p0.jpg
2-24,87977770,./data/87977770_p0.png
2-25,88004929,./data/88004929_p0.jpg
2-26,88027984,./data/88027984_p0.png
2-27,88050343,./data/88050343_p0.jpg
2-28,88070709,./data/88070709_p0.png
3-1,88096384,./data/88096384_p0.jpg
3-2,88134592,./data/88134592_p0.png
3-3,88158357,./data/88158357_p0.png
3-4,88174410,./data/88174410_p0.png
3-5,88198018,./data/88198018_p0.jpg
3-6,88238738,./data/88238738_p0.jpg
3-7,88238738,./data/88238738_p0_dup.jpg
3-8,88263662,./data/88263662_p0.jpg
3-9,88305308,./data/88305308_p0.jpg
3-10,88317568,./data/88317568_p0.jpg
3-11,88337901,./data/88337901_p0.png
3-12,88359789,./data/88359789_p0.jpg
3-13,88401644,./data/88401644_p0.png
3-14,88401644,./data/88401644_p0_dup.png
3-15,88431986,./data/88431986_p0.png
3-16,88461726,./data/88461726_p0.jpg
3-17,88479853,./data/88479853_p0.png
3-18,88502105,./data/88502105_p0.png
3-19,88522685,./data/88522685_p0.png
3-20,88544119,./data/88544119_p0.png
3-21,88564639,./data/88564639_p0.jpg
3-22,88588799,./data/88588799_p0.jpg
3-23,88626974,./data/88626974_p0.jpg
3-24,88646233,./data/88646233_p0.png
3-25,88663580,./data/88663580_p0.png
3-26,88682446,./data/88682446_p0.jpg
3-27,88703974,./data/88703974_p0.png
3-28,88740430,./data/88740430_p0.png
3-29,88748335,./data/88748335_p0.png
3-30,88776817,./data/88776817_p0.png
3-31,88805629,./data/88805629_p0.png
4-1,88818976,./data/88818976_p0.png
4-2,88841202,./data/88841202_p0.png
4-3,88865174,./data/88865174_p0.jpg
4-4,88886922,./data/88886922_p0.jpg
4-5,88940194,./data/88940194_p0.png
4-6,88940194,./data/88940194_p0_dup.png
4-7,88967403,./data/88967403_p0.jpg
4-8,88984227,./data/88984227_p0.jpg
4-9,89024820,./data/89024820_p0.png
4-10,89024820,./data/89024820_p0_dup.png
4-11,89045137,./data/89045137_p0.png
4-12,89101579,./data/89101579_p0.png
4-13,89101579,./data/89101579_p0_dup.png
4-14,89121548,./data/89121548_p0.png
4-15,89135748,./data/89135748_p0.png
4-16,89155451,./data/89155451_p0.jpg
4-17,89174625,./data/89174625_p0.jpg
4-18,89208434,./data/89208434_p0.jpg
4-19,89219826,./data/89219826_p0.jpg
4-20,89251706,./data/89251706_p0.png
4-21,89270177,./data/89270177_p0.jpg
4-22,89292853,./data/89292853_p0.jpg
4-23,89307187,./data/89307187_p0.jpg
4-24,89325539,./data/89325539_p0.jpg
4-25,89372788,./data/89372788_p0.jpg
4-26,89372788,./data/89372788_p0_dup.jpg
4-27,89411137,./data/89411137_p0.jpg
4-28,89416046,./data/89416046_p0.png
4-29,89446912,./data/89446912_p0.jpg
4-30,89454514,./data/89454514_p0.png
5-1,89478080,./data/89478080_p0.jpg
5-2,89501167,./data/89501167_p0.png
5-3,89532340,./data/89532340_p0.jpg
5-4,89554984,./data/89554984_p0.jpg
5-5,89585086,./data/89585086_p0.png
5-6,89604539,./data/89604539_p0.png
5-7,89636172,./data/89636172_p0.png
5-8,89657320,./data/89657320_p0.jpg
5-9,89679681,./data/89679681_p0.png
5-10,89703294,./data/89703294_p0.jpg
5-11,89739433,./data/89739433_p0.png
5-12,89755387,./data/89755387_p0.png
5-13,89776313,./data/89776313_p0.jpg
5-14,89815446,./data/89815446_p0.jpg
5-15,89828461,./data/89828461_p0.jpg
5-16,89842874,./data/89842874_p0.jpg
5-17,89865948,./data/89865948_p0.png
5-18,89893211,./data/89893211_p0.png
5-19,89914975,./data/89914975_p0.jpg
5-20,89936023,./data/89936023_p0.png
5-21,89957752,./data/89957752_p0.png
5-22,89979147,./data/89979147_p0.png
5-23,89999427,./data/89999427_p0.jpg
5-24,90036977,./data/90036977_p0.png
5-25,90076851,./data/90076851_p0.png
5-26,90076851,./data/90076851_p0_dup.png
5-27,90102821,./data/90102821_p0.png
5-28,90117491,./data/90117491_p0.jpg
5-29,90137507,./data/90137507_p0.png
5-30,90166068,./data/90166068_p0.jpg
5-31,90195087,./data/90195087_p0.png
6-1,90218841,./data/90218841_p0.png
6-2,90263277,./data/90263277_p0.jpg
6-3,90263277,./data/90263277_p0_dup.jpg
6-4,90281512,./data/90281512_p0.png
6-5,90302490,./data/90302490_p0.png
6-6,90324324,./data/90324324_p0.png
6-7,90349853,./data/90349853_p0.png
6-8,90380296,./data/90380296_p0.png
6-9,90425059,./data/90425059_p0.png
6-10,90425059,./data/90425059_p0_dup.png
6-11,90446978,./data/90446978_p0.png
6-12,90487779,./data/90487779_p0.png
6-13,90487779,./data/90487779_p0_dup.png
6-14,90512487,./data/90512487_p0.png
6-15,90545475,./data/90545475_p0.png
6-16,90561040,./data/90561040_p0.jpg
6-17,90581838,./data/90581838_p0.jpg
6-18,90603033,./data/90603033_p0.png
6-19,90629039,./data/90629039_p0.jpg
6-20,90674364,./data/90674364_p0.jpg
6-21,90674364,./data/90674364_p0_dup.jpg
6-22,90706701,./data/90706701_p0.png
6-23,90722077,./data/90722077_p0.png
6-24,90743587,./data/90743587_p0.jpg
6-25,90765657,./data/90765657_p0.png
6-26,90786036,./data/90786036_p0.jpg
6-27,90816445,./data/90816445_p0.png
6-28,90842285,./data/90842285_p0.jpg
6-29,90865357,./data/90865357_p0.png
6-30,90880816,./data/90880816_p0.jpg
7-1,90902138,./data/90902138_p0.png
7-2,90929970,./data/90929970_p0.jpg
7-3,90946535,./data/90946535_p0.jpg
7-4,90976753,./data/90976753_p0.png
7-5,90992369,./data/90992369_p0.png
7-6,91020348,./data/91020348_p0.jpg
7-7,91057091,./data/91057091_p0.jpg
7-8,91063564,./data/91063564_p0.jpg
7-9,91110599,./data/91110599_p0.jpg
7-10,91110599,./data/91110599_p0_dup.jpg
7-11,91130567,./data/91130567_p0.jpg
7-12,91155158,./data/91155158_p0.png
7-13,91183501,./data/91183501_p0.png
7-14,91205338,./data/91205338_p0.png
7-15,91247155,./data/91247155_p0.png
7-16,91247155,./data/91247155_p0_dup.png
7-17,91269619,./data/91269619_p0.png
7-18,91289949,./data/91289949_p0.png
7-19,91313645,./data/91313645_p0.png
7-20,91343239,./data/91343239_p0.jpg
7-21,91362231,./data/91362231_p0.jpg
7-22,91383405,./data/91383405_p0.jpg
7-23,91407824,./data/91407824_p0.jpg
7-24,91426732,./data/91426732_p0.png
7-25,91451279,./data/91451279_p0.png
7-26,91481601,./data/91481601_p0.png
7-27,91505970,./data/91505970_p0.png
7-28,91526421,./data/91526421_p0.png
7-29,91545164,./data/91545164_p0.jpg
7-30,91566317,./data/91566317_p0.png
7-31,91594380,./data/91594380_p0.png
8-1,91609120,./data/91609120_p0.jpg
8-2,91634762,./data/91634762_p0.jpg
8-3,91670385,./data/91670385_p0.jpg
8-4,91689568,./data/91689568_p0.jpg
8-5,91731266,./data/91731266_p0.png
8-6,91731266,./data/91731266_p0_dup.png
8-7,91752632,./data/91752632_p0.png
8-8,91774393,./data/91774393_p0.png
8-9,91816076,./data/91816076_p0.png
8-10,91828156,./data/91828156_p0.jpg
8-11,91882132,./data/91882132_p0.jpg
8-12,91882132,./data/91882132_p0_dup.jpg
8-13,91919258,./data/91919258_p0.jpg
8-14,91928409,./data/91928409_p0.png
8-15,91953835,./data/91953835_p0.png
8-16,91987984,./data/91987984_p0.jpg
8-17,92035891,./data/92035891_p0.jpg
8-18,92042198,./data/92042198_p0.jpg
8-19,92066353,./data/92066353_p0.jpg
8-20,92088534,./data/92088534_p0.png
8-21,92111176,./data/92111176_p0.png
8-22,92134683,./data/92134683_p0.png
8-23,92162034,./data/92162034_p0.png
8-24,92191561,./data/92191561_p0.png
8-25,92215566,./data/92215566_p0.png
8-26,92238149,./data/92238149_p0.png
8-27,92260952,./data/92260952_p0.jpg
8-28,92289828,./data/92289828_p0.jpg
8-29,92307511,./data/92307511_p0.jpg
8-30,92335014,./data/92335014_p0.png
8-31,92390572,./data/92390572_p0.jpg
9-1,92390572,./data/92390572_p0_dup.jpg
9-2,92417228,./data/92417228_p0.jpg
9-3,92440318,./data/92440318_p0.png
9-4,92462137,./data/92462137_p0.jpg
9-5,92485604,./data/92485604_p0.png
9-6,92511059,./data/92511059_p0.jpg
9-7,92547563,./data/92547563_p0.png
9-8,92564859,./data/92564859_p0.png
9-9,92607177,./data/92607177_p0.png
9-10,92607177,./data/92607177_p0_dup.png
9-11,92651755,./data/92651755_p0.png
9-12,92651755,./data/92651755_p0_dup.png
9-13,92708256,./data/92708256_p0.png
9-14,92708256,./data/92708256_p0.png
9-15,92752654,./data/92752654_p0.png
9-16,92752654,./data/92752654_p0_dup.png
9-17,92774483,./data/92774483_p0.png
9-18,92795310,./data/92795310_p0.jpg
9-19,92817111,./data/92817111_p0.jpg
9-20,92843218,./data/92843218_p0.jpg
9-21,92870902,./data/92870902_p0.png
9-22,92898989,./data/92898989_p0.png
9-23,92923145,./data/92923145_p0.jpg
9-24,92943726,./data/92943726_p0.png
9-25,92968708,./data/92968708_p0.jpg
9-26,92990515,./data/92990515_p0.jpg
9-27,93017820,./data/93017820_p0.png
9-28,93046508,./data/93046508_p0.png
9-29,93066971,./data/93066971_p0.png
9-30,93094315,./data/93094315_p0.jpg
10-1,93113675,./data/93113675_p0.jpg
10-2,93166384,./data/93166384_p0.png
10-3,93166384,./data/93166384_p0_dup.png
10-4,93186463,./data/93186463_p0.jpg
10-5,93214527,./data/93214527_p0.png
10-6,93233912,./data/93233912_p0.jpg
10-7,93253039,./data/93253039_p0.jpg
10-8,93271202,./data/93271202_p0.png
10-9,93306343,./data/93306343_p0.png
10-10,93312021,./data/93312021_p0.png
10-11,93357165,./data/93357165_p0.jpg
10-12,93365078,./data/93365078_p0.png
10-13,93386896,./data/93386896_p0.png
10-14,93407491,./data/93407491_p0.jpg
10-15,93428795,./data/93428795_p0.png
10-16,93447255,./data/93447255_p0.png
10-17,93466915,./data/93466915_p0.jpg
10-18,93525290,./data/93525290_p0.jpg
10-19,93525290,./data/93525290_p0_dup.jpg
10-20,93538475,./data/93538475_p0.jpg
10-21,93557550,./data/93557550_p0.jpg
10-22,93576944,./data/93576944_p0.png
10-23,93596760,./data/93596760_p0.jpg
10-24,93629997,./data/93629997_p0.jpg
10-25,93638632,./data/93638632_p0.jpg
10-26,93665141,./data/93665141_p0.jpg
10-27,93708665,./data/93708665_p0.jpg
10-28,93708665,./data/93708665_p0_dup.jpg
10-29,93746930,./data/93746930_p0.png
10-30,93746930,./data/93746930_p0_dup.png
10-31,93765598,./data/93765598_p0.png
11-1,93795621,./data/93795621_p0.png
11-2,93853446,./data/93853446_p0.jpg
11-3,93880778,./data/93880778_p0.png
11-4,93878021,./data/93878021_p0.jpg
11-5,93901867,./data/93901867_p0.jpg
11-6,93921218,./data/93921218_p0.jpg
11-7,93955953,./data/93955953_p0.jpg
11-8,93980571,./data/93980571_p0.jpg
11-9,93990522,./data/93990522_p0.png
11-10,94011357,./data/94011357_p0.jpg
11-11,94030972,./data/94030972_p0.png
11-12,94060791,./data/94060791_p0.jpg
11-13,94071779,./data/94071779_p0.jpg
11-14,94092432,./data/94092432_p0.jpg
11-15,94115114,./data/94115114_p0.jpg
11-16,94143776,./data/94143776_p0.jpg
11-17,94162123,./data/94162123_p0.jpg
11-18,94181287,./data/94181287_p0.jpg
11-19,94201570,./data/94201570_p0.png
11-20,94219701,./data/94219701_p0.png
11-21,94244921,./data/94244921_p0.png
11-22,94288075,./data/94288075_p0.png
11-23,94288075,./data/94288075_p0_dup.png
11-24,94315205,./data/94315205_p0.png
11-25,94341479,./data/94341479_p0.png
11-26,94359148,./data/94359148_p0.jpg
11-27,94377830,./data/94377830_p0.jpg
11-28,94392721,./data/94392721_p0.jpg
11-29,94420281,./data/94420281_p0.jpg
11-30,94442720,./data/94442720_p0.png
12-1,94464560,./data/94464560_p0.jpg
12-2,94505020,./data/94505020_p0.png
12-3,94505020,./data/94505020_p0_dup.png
12-4,94524644,./data/94524644_p0.png
12-5,94544184,./data/94544184_p0.jpg
12-6,94573417,./data/94573417_p0.jpg
12-7,94600729,./data/94600729_p0.png
12-8,94615070,./data/94615070_p0.png
12-9,94636153,./data/94636153_p0.png
12-10,94654871,./data/94654871_p0.png
12-11,94694448,./data/94694448_p0.png
12-12,94694448,./data/94694448_p0_dup.png
12-13,94717539,./data/94717539_p0.jpg
12-14,94749352,./data/94749352_p0.png
12-15,94763568,./data/94763568_p0.png
12-16,94782326,./data/94782326_p0.png
12-17,94802884,./data/94802884_p0.jpg
12-18,94819778,./data/94819778_p0.png
12-19,94839116,./data/94839116_p0.png
12-20,94872747,./data/94872747_p0.jpg
12-21,94891967,./data/94891967_p0.png
12-22,94924762,./data/94924762_p0.jpg
12-23,94924762,./data/94924762_p0_dup.jpg
12-24,94945902,./data/94945902_p0.png
12-25,94964180,./data/94964180_p0.png
12-26,94993064,./data/94993064_p0.png
12-27,95025518,./data/95025518_p0.jpg
12-28,95075810,./data/95075810_p0.png
12-29,95075810,./data/95075810_p0_dup.png
12-30,95096388,./data/95096388_p0.png
12-31,95122414,./data/95122414_p0.png
12-30,95096388,./data/95096388_p0.png
12-31,95122414,./data/95122414_p0.png
